entrez_id_cele	entrez_id_hsap
173979	34
181758	34
174180	37
174161	38
187992	38
180550	175
176770	538
172539	594
178025	1376
178387	1738
180818	1806
179036	2052
176584	2071
172535	2108
180918	2184
176059	2271
189173	2519
183002	2581
175506	2592
3565201	2632
174768	2639
179472	2643
174012	2731
172103	8001
173227	2821
174493	2937
171914	2956
180037	3030
172310	3030
176216	3032
172726	3081
171738	3155
179502	3978
179660	4668
174274	5727
173631	5727
191745	5727
176851	4860
175908	4942
174401	5053
181026	5095
171704	5184
181331	5193
176149	5256
177092	5257
178364	5373
181823	5805
174392	5830
176762	5860
184162	6444
3565648	6557
13200504	6557
173411	7054
178381	7498
177530	788
175190	2068
173171	2582
172509	2820
180950	3295
176758	5048
175863	4598
174548	5019
172333	5122
174141	6647
173776	6647
180185	6794
181638	6821
178960	275
172232	353
180533	3074
174116	7436
180596	5096
181323	6609
172632	6648
181748	6648
175467	2936
175091	178
177897	18
181706	43
180714	151
172408	191
184471	552
188227	552
176716	593
177513	776
179235	1139
3565563	1139
191599	1139
191597	1139
191601	1139
191598	1139
174262	1139
181682	1384
181639	1621
179347	1814
176691	2562
176713	2571
180935	2618
180002	2906
191707	2913
179887	2983
173202	2983
191657	2983
191656	2983
191658	2983
171963	2987
180970	3351
185321	4886
185623	4887
177108	5162
177190	5430
175668	5431
175710	5447
175231	5479
173374	5479
176358	5557
188846	5557
173122	5558
175501	6122
172074	6124
178342	6141
172062	6152
172921	6156
174695	6173
175879	6188
178012	6193
179998	6217
178188	6228
178538	6232
176301	6240
176304	6530
183595	6870
174825	7153
172149	7298
174991	7915
174564	8985
176680	14
179748	23
179795	47
180485	47
176121	50
175622	115
181765	10227
172833	267
189639	318
180721	396
175820	501
180769	813
190078	902
181472	1021
13223545	1021
3565921	1111
186176	1155
181292	9079
172723	1258
176297	1261
181684	1362
174378	1477
174380	1479
180853	1487
171829	1522
172370	1603
176334	1615
174417	1660
175771	1665
172392	1723
176504	1736
180819	1740
176316	58511
181174	58511
172041	1778
190436	1798
175475	1801
176163	1819
173657	1891
186486	1891
176348	1967
179999	2091
176855	2316
189837	2550
176435	2647
174438	2729
182513	2880
190801	2880
181178	2880
178544	2959
176421	2966
174199	2972
177790	3062
180752	3062
3565706	3191
259963	3396
172959	3646
181251	5080
171985	16
172351	36
172358	36
176030	53
266823	142
176118	204
173269	262
177251	327
175940	372
174525	373
191608	382
191632	402
175716	506
172137	526
177442	529
172195	539
176908	549
176390	821
171821	833
175819	908
173233	989
171784	1022
180434	1036
176314	1284
181708	1284
174385	790
180079	1491
174155	1491
173338	1499
174279	1629
174840	1725
190302	143098
179063	1743
176120	1933
175966	1974
171800	2109
176840	2339
179946	2342
175703	2617
171998	2730
181726	2805
180897	2806
172072	2806
181055	2885
177978	3035
176473	3242
176195	3308
175316	3329
181324	48
172236	3670
177546	3708
177281	3712
180252	3775
180203	3778
172110	3837
3565440	3843
177292	3913
180980	3915
177046	4085
175453	4245
181160	4245
179562	4247
172360	4249
173602	4331
176388	4351
174157	4438
172174	4478
174252	4507
179374	4528
172868	4682
172345	4686
172037	4724
176023	4728
175902	4799
187770	4913
174974	4931
179079	4953
177714	5002
173051	5045
180873	5058
177161	5111
259501	5134
191741	5147
190808	5151
174192	5194
173843	5236
171768	5245
174386	5277
172280	5289
174586	5335
179500	5356
179652	5424
177673	5427
172680	5432
171877	5436
179469	5495
174266	5510
176657	5531
181244	5586
180121	23683
13217576	23683
174515	5589
171872	5604
181299	5636
178943	5682
179493	5683
174571	5684
172139	5685
172942	5686
179941	5687
176161	5689
171975	5690
173858	5691
178988	5700
179641	5701
172238	5702
176661	5705
175403	5705
177455	5708
176196	5709
172009	5713
175972	5717
173807	5718
174715	5719
176588	10197
175463	5775
13188983	5775
174126	5825
174127	5825
181417	5832
171770	5833
178777	5837
177914	5888
172249	5933
171696	5976
178259	5983
3565940	246243
176733	6059
180637	6091
176495	6182
177456	6184
172208	6185
174482	6390
178491	6453
191770	6529
180837	6571
178015	6595
175571	6598
173767	6627
180468	6643
181681	6646
180603	6709
179077	6711
171711	6728
259584	6729
185438	6734
172070	6741
171865	6745
180422	6746
179611	6811
181030	6812
178143	6829
178022	6832
175415	6834
181041	6868
174005	7003
171878	10139
266847	7150
174018	7174
178014	7184
190778	7260
187512	7264
180983	5611
171870	5611
175398	7284
178006	7322
266820	7341
179484	7358
175772	7384
173141	7411
174004	7443
179160	7514
180677	7803
179538	7874
179413	8065
177622	8260
175481	8318
175344	8396
180354	8398
181196	8398
173414	8402
175117	8449
178547	8452
176806	8453
176466	8454
176684	8460
172268	6790
172864	8480
172613	9497
179072	8491
181499	8496
176458	8520
180720	8526
175192	8540
177840	8559
179657	8564
172101	8566
181400	8573
181414	8601
176415	8601
178311	8615
178233	8618
187783	8642
176094	8661
172858	8663
176268	8664
174478	8665
174346	8666
172044	8667
171809	8668
175712	8675
177345	8678
175174	64976
190668	8704
178071	8721
171818	8727
182875	8731
180182	8774
4363109	8774
179193	8775
176387	8780
4926919	8790
177555	8801
181280	8803
191320	8811
176874	8813
176330	8815
181490	8874
181859	8879
189162	8882
176368	8896
178989	8905
176794	6767
174978	8940
180883	8942
178360	8991
175982	9039
176349	9043
174092	9049
181585	9058
176429	9058
174648	8424
172051	4882
173891	271
180446	408
177576	471
173134	498
174272	533
175968	705
181633	56267
185086	56267
180713	1173
184091	1175
176376	1892
171769	1965
171917	2237
176563	4733
173223	5873
181108	6389
172968	6389
175915	6470
180641	6506
178483	6634
180231	7453
176635	9131
176140	9265
174596	9296
175851	9343
189429	9364
176999	9403
177820	9415
177819	9415
180325	9440
173353	9443
176937	9477
3565275	9487
177725	9512
178540	9567
171807	22
174372	617
177436	673
177185	734
171734	54926
174187	1181
180687	1181
171860	1314
186814	1353
176061	1656
179476	2079
175916	2110
181579	1803
172311	2193
3565896	10003
183230	10003
180386	10003
176719	2483
180302	2590
176682	2958
175175	3611
174841	4171
172933	4716
172363	4722
176816	5071
172556	5106
175171	5106
175998	5876
173763	6341
177181	6626
179639	6633
179425	6738
176631	7156
174631	7818
172768	8106
190611	1654
174838	9070
176931	8404
172134	9114
183250	9128
176461	9129
173461	9136
180995	9145
175303	9147
172834	9187
191715	9187
179028	2107
259455	9197
177779	9276
174754	9334
176233	9342
171897	9352
181562	9353
172966	9361
181319	9410
172015	9410
175818	9416
173345	9439
171735	9474
176434	1213
172676	9519
179218	9526
178823	9533
176009	9538
180456	9554
176837	9588
178078	9632
174673	832
176774	1020
174308	1497
187322	1612
176913	1653
173920	1659
190566	3416
182987	3416
178966	3416
182128	3416
182127	3416
180049	4287
177786	4698
175429	4704
175904	4715
178735	4719
174645	4809
181230	4925
181021	5130
353380	5130
173200	5137
174999	5229
176143	5347
171838	5347
176012	5393
179968	5826
178415	5859
174105	5913
174019	5929
180014	9637
175572	9939
187700	9942
3565253	9986
175105	9097
180175	9101
179424	207
181524	207
177038	509
176257	535
175357	892
174268	1650
4363077	2644
181212	2869
176838	2965
174839	3029
177560	3054
175185	3093
182321	3093
184760	3094
174203	3309
180880	3309
174753	4234
175433	5898
175669	9125
176559	9126
178185	9277
179091	10001
180429	10005
182714	10005
173942	10005
178878	10005
188131	10026
173121	8907
179409	10055
172655	3419
172477	3612
180871	3632
174159	3735
178942	3831
177956	3911
172799	3998
174800	4329
179488	4361
178846	6654
174120	6857
192052	6884
175836	6999
182375	7113
174351	10056
173383	10073
174508	26284
176847	10084
188208	10084
172940	10087
183522	10092
171882	10092
175650	10093
176697	10094
179440	10097
177890	10098
179683	10102
175247	10109
180974	10130
179947	10153
176842	10157
174151	10171
179801	10175
182257	10190
175065	10195
173744	10213
176690	10237
182812	10247
172820	10269
172303	10273
175534	10284
188435	10286
173440	10291
172986	10299
172510	4121
181517	4126
178831	4176
179041	4190
172661	4236
178290	4285
174254	4524
173581	7203
177609	7386
177074	7873
174594	8192
181330	8842
190176	8846
178287	10367
173777	10380
177895	10399
176432	11069
176561	10421
176756	10449
178260	1783
185685	3927
172910	4738
266842	4905
13180975	4905
177097	5036
178503	5264
190941	5300
190268	23760
173368	5426
175660	5437
179178	5438
175056	5439
180263	5536
181727	5563
176991	5593
176626	6748
182474	7251
173224	7407
177998	7841
172116	8243
178150	10336
176488	10436
177242	10245
175249	10444
190608	10463
183878	10467
172302	10469
177236	10480
180317	10484
172774	10518
174033	10525
181422	10525
179442	10528
178005	10533
266861	10535
175837	10540
177637	10550
3565442	10552
6418622	10553
173389	10558
173231	10565
179443	10569
173400	10573
178670	10574
174330	10575
174421	10576
176259	10587
190922	10588
176153	10594
173772	10606
190203	10607
172081	10621
175925	5704
177859	6301
187434	8089
180585	8100
190579	9960
178828	10539
177532	10641
176087	10651
176031	10652
179508	10654
173401	10659
180303	10667
171891	10671
176928	10694
182526	10695
176754	10726
189042	10809
172511	10845
183125	10846
177458	10856
179494	10910
174150	10915
174149	10915
178028	132
175552	4174
177202	6888
173917	8315
178734	7542
174038	10885
174135	10892
175573	10935
171915	10939
174364	10946
178587	10963
173968	10969
179567	10972
190256	10973
175442	10978
179972	10979
178289	10980
176369	11011
178145	50999
3564813	11019
2565698	4535
2565700	4512
2565697	4513
181528	3420
172010	6388
174368	6782
172552	6877
181640	7922
172657	11051
172651	11056
182228	11072
179115	11103
177491	11128
178277	11137
177990	11153
174696	4723
259497	5412
177028	6747
174624	7415
174309	7415
178178	11160
172371	11181
179604	11181
173388	11181
171694	11194
172984	11198
173906	11212
173278	11231
180787	11253
177726	11253
186617	11261
179415	11261
184650	11264
175672	11267
174418	55308
177681	11284
176382	11285
180449	11311
176766	11316
175722	11321
174034	11331
174383	3373
181652	51614
175903	84549
180307	222068
177926	3376
181163	161
177216	91869
172190	23590
172305	55650
177856	5464
175094	3842
173205	29789
174963	51102
175973	55163
180180	24148
175543	24140
179969	123096
175920	56052
189126	11164
3565577	55666
173952	55666
175368	55858
179616	5091
176996	55775
179364	23193
180400	23193
173453	56996
176943	9879
185809	51020
180478	6399
171590	28989
179583	54623
172979	9054
171887	79075
171594	9489
174410	11079
174781	64080
175671	114049
173001	55364
173439	54475
178964	283871
176232	283871
178963	283871
178965	283871
183469	283871
188555	92675
176531	55651
174764	728294
179506	197257
174511	102157402
176090	153527
171949	6137
173812	55720
183400	29925
178038	55687
177054	79039
176399	2819
172258	9775
190485	9775
179473	51542
175766	26275
176950	51728
179920	55621
173575	29104
185707	23256
176375	79877
174318	6950
173656	1315
184972	414328
175719	10352
176717	55005
172780	51077
172999	51362
180448	23413
172106	23463
187374	23463
171970	56949
172075	80255
190338	126003
181018	6293
179242	51510
190979	84296
174572	9933
179228	60560
172427	246269
176338	51382
179634	58478
178070	57130
174758	26061
177424	84912
177377	28985
173117	25973
173232	10412
174712	1355
179392	60314
171867	83548
174901	23020
174942	137872
174563	25821
177324	51234
177141	57576
190051	10985
175059	54464
173654	54432
177294	54516
185813	29960
171749	55341
173912	85365
180123	80324
176524	221143
173096	83451
185192	83451
174606	83939
175608	5198
172146	26121
174634	56915
183402	60386
176072	23481
176003	25949
177538	79954
173312	92935
13198805	54512
180256	55153
179316	51004
175537	55972
13192290	112858
180843	6836
177679	51633
177200	54938
171737	23203
173510	8659
178194	124641
176321	51202
177403	23404
13216595	57570
181999	51400
176497	160760
177607	27304
175822	23549
185814	51647
172420	55272
174809	1763
3565801	51068
175395	5524
186841	81034
175394	79717
177233	399818
188150	51700
179029	51700
174000	55737
174792	51477
173142	115708
191043	84340
190940	284098
177824	23517
178281	134637
176377	55275
179163	51072
174736	93183
176556	8562
181218	51074
179524	100534599
174553	1841
175588	22948
175724	3704
3565578	83475
173143	84313
172778	22908
171881	23556
179781	58477
179418	171568
172857	84946
3565931	112970
175536	51118
176010	55702
173863	51652
177928	27247
176343	55660
174168	51154
174908	27243
177336	10059
176443	25972
175399	55644
181565	25829
176344	27095
177241	60528
171892	84154
175308	60625
172118	7511
178819	7511
173778	25879
171743	55661
175218	51119
179411	25996
174956	85476
174288	64431
179103	53981
178979	51340
175500	55902
174737	51611
172528	51534
180056	23456
178522	23456
176957	6396
176649	51184
177128	23173
179618	57143
173432	54606
178285	51692
176191	60558
172943	6175
172499	23395
172589	55697
177120	56931
183479	11062
178303	27258
172565	128869
176099	84274
178154	54529
185334	64118
179241	54363
172406	23450
171918	51006
176633	7374
173228	7327
3564835	84705
176919	83943
175069	23246
180631	9948
180022	9948
176207	57647
175701	83743
175082	55246
174081	7486
178542	10992
176749	55276
175549	23451
172954	8886
176982	55278
176028	51490
176131	5985
180443	5298
190311	26589
176761	134218
188472	29101
174633	79796
173322	55781
181917	65003
176109	81889
177988	51690
172182	55226
176544	5422
174983	138199
179945	1737
259389	51605
177123	4048
178176	4048
175153	55695
177711	115286
187888	53918
176921	64422
173331	54920
180368	6183
172624	29889
186604	51010
179358	9978
3565972	54482
171864	60487
176946	5982
177847	93587
175956	80018
176860	124454
177875	22894
182392	29929
176995	115939
175071	22803
179862	55334
176089	7991
175995	22934
174875	22800
179789	57410
171883	83732
175729	10229
188387	10166
176258	27010
174534	56902
180824	129642
182414	129642
191348	129642
172756	29968
174598	26155
175767	55703
181692	89874
178344	23479
175449	80273
175842	2356
174138	8891
175725	54802
171901	51602
175015	25885
183993	27292
179686	6730
178822	29880
178851	9790
175538	51520
3565124	55157
177136	222236
177137	222236
177237	51067
176863	23560
179669	55140
177765	5279
172884	55699
172752	84172
173169	3692
180534	51606
176106	261726
180314	27158
3564851	84844
173518	25839
177753	9861
178229	9904
174902	10423
180016	84245
190814	51126
174630	5435
180441	5663
173929	2902
178118	8989
177318	84315
177473	22796
180530	22821
177286	8036
176127	550
176241	64215
181573	1879
175871	29904
172135	5747
178928	57678
353416	29105
178075	25917
186775	27037
175886	201595
181140	23600
174559	23600
175625	22808
180884	23530
178409	9463
173734	8611
191744	5538
181211	9791
176776	9791
177373	3516
175451	6251
174342	2734
173498	6878
181110	7403
180232	9716
183212	63974
176512	487
179068	27302
175618	23473
185183	28981
179788	9620
179540	8694
183911	2954
190586	2954
190243	2954
180329	27130
191695	3768
176041	22920
187585	84823
178747	84823
180414	84823
181182	84823
181316	84823
173976	84823
181698	84823
173973	84823
266725	84823
181699	84823
180765	84823
180430	84823
187448	10016
171672	5218
172141	5295
179105	23646
175459	57605
174577	5991
175943	22895
186741	6899
187525	83659
190806	51663
175421	55179
190457	64395
177244	51295
172461	29117
185331	8131
180017	10598
172138	26973
175664	85865
180358	24139
179329	23498
181164	10724
179372	8225
180573	22978
174479	22937
185876	23409
181455	23409
174848	23527
178107	9863
179361	23017
189842	23017
179362	23017
173005	22944
172457	23659
173471	23597
186453	23597
172926	26578
176326	23647
172431	23541
174409	26608
176022	104
179779	27335
172830	29102
188886	23729
178616	29919
172033	29926
189240	29934
171775	29958
178191	10787
175788	11123
172777	30968
178268	4439
177692	221472
186954	27077
176813	28988
176112	2589
178537	5332
177968	23464
176409	9785
172812	25842
173809	25842
182835	28970
182050	25978
172955	5511
175907	50485
175637	29081
185336	29085
171922	22827
177902	23471
177783	23474
171876	90701
174674	23759
174207	23788
173466	27034
173811	27044
176892	27069
190304	27163
172012	27252
191439	27293
176481	27342
173927	84364
173325	56605
176427	9654
173509	9694
177804	9730
174006	22883
185734	9761
172058	9772
184624	9784
176703	9789
186134	1718
172052	9801
176180	9810
3565369	9827
172306	9897
179313	9926
173990	9927
173236	22876
179300	6683
172355	22911
187932	23011
182643	23023
173524	23065
175156	23070
179259	23077
184118	23077
175502	23098
179620	261734
174480	23170
180611	23179
178619	114088
177229	23210
187273	23228
174451	23234
176341	23277
183417	23299
172760	131405
173225	23398
185802	23399
180607	23509
177486	25831
176158	25843
174528	25844
176923	84836
180425	60496
189061	60496
178790	66036
173638	55707
184284	25980
176098	26073
177678	5238
190511	26151
173192	26164
173298	27248
176786	27249
181091	27352
189586	90161
171804	51035
176616	51360
171996	51593
176272	51005
175787	51000
177526	51070
175646	51075
176186	51076
190379	51081
174289	51377
172945	51093
3565786	51095
178692	51097
190094	51097
184861	51097
179631	51098
184080	51626
188022	51106
172747	51107
175161	51110
176018	51009
176532	51013
173394	51639
174675	22818
191627	51645
185213	51003
3565469	51021
188492	51023
179520	51028
175530	51031
259500	51660
178394	51125
179226	51133
174716	51669
177393	51691
175159	9325
172357	51163
177600	51164
172413	51428
176424	51699
174516	51343
175971	23019
176019	10131
172815	51187
174514	51726
175773	51454
174040	51733
176650	653519
176650	51463
182524	653519
182524	51463
181274	51196
190573	28231
173180	51479
180069	51503
176313	51506
173206	51507
175841	51654
179439	51232
187840	252839
178993	51528
175843	51251
178457	51251
173330	51260
184440	51540
190589	51285
172257	51304
173276	51567
176100	51569
172662	94104
266844	6641
176470	83452
178985	2530
177010	50859
176000	8473
178403	51805
178661	51809
171608	50506
186188	50506
178073	55572
173784	55577
183790	55586
175765	54784
178040	54788
183844	54797
178499	54805
176073	54842
175656	54851
187440	54858
187438	54858
187439	54858
185311	54858
184594	54858
176508	55617
181315	54868
171697	54888
190786	54901
173241	54928
259376	54931
188040	54948
174310	54973
174022	54978
177362	90550
187534	55034
172922	55066
176674	55088
187641	55093
179027	55100
172060	55254
172040	55133
176182	55716
189617	55161
189618	55173
174602	55186
176839	55726
172504	55193
175934	55206
174590	55210
181406	54662
179653	55741
176848	55742
173175	55234
175387	55748
179142	55756
172226	55759
171631	55251
3565141	55274
173028	55768
176074	55283
173354	55284
174459	55770
181592	55773
182681	55298
185044	55326
175675	55795
4363033	339175
178152	7982
180125	55832
3565570	55847
176740	55379
172526	55425
188971	55500
174095	26276
179674	55526
190605	90809
177056	55967
185741	55969
175466	54346
173065	54431
172936	54472
180856	125058
172039	54495
172727	54496
174352	54499
177597	54549
179677	54676
176404	56241
171639	23457
172288	23457
174204	23457
190115	23457
190369	23457
174728	11186
173120	427
174638	11235
183935	9141
174998	84273
181007	56886
176983	56889
177838	56900
180667	56904
3565899	56912
175651	56851
176455	56913
177841	56922
172803	56926
177335	56929
13186571	56986
171623	57037
3564922	57148
172487	28512
13180879	28512
191290	57095
179581	57102
175910	57104
3565651	57120
172223	57062
184659	57213
177039	64328
171890	57470
172068	23352
183817	57539
3565011	57563
175600	57599
173305	57704
187703	57704
180011	5911
179850	4729
185624	54677
180126	54677
175948	7920
178374	58472
189421	58472
259424	118424
171856	84516
13192684	6572
180240	60488
179829	60490
180845	56652
181332	57582
178131	81890
180518	53834
177040	60673
173172	60678
175236	60684
179375	11179
176215	2314
191003	79672
179699	56660
177933	63898
179318	63906
176647	63917
175385	63928
176589	63932
176285	64087
176653	5297
176200	8220
176926	64432
178949	111
175437	5292
173356	64745
172423	64781
3565412	64786
180941	91289
174243	64847
175563	64849
187898	64849
172497	23025
180740	65084
3565441	65123
174784	65260
180992	65985
174509	83480
175647	56997
173908	23184
175418	81614
176540	10058
183426	84287
190267	23335
174471	4552
172157	548593
172157	79008
173916	53343
183430	79017
173868	79020
183948	79071
3564855	79078
178693	79094
175064	79133
172915	79139
3564942	79746
177374	9493
186851	81932
183433	55610
181252	79143
182962	79157
178267	79174
172734	374291
177253	80700
172997	80772
177160	79577
176784	79585
176784	100529144
176231	79586
171679	79618
171654	79643
3565076	79651
191000	79651
181788	79660
176397	79666
173397	79674
174167	84561
260219	582
177484	79714
176185	79716
171968	79876
183226	79885
172611	79902
182937	79912
178733	79944
175020	79971
182970	79989
174089	80006
177925	80142
174866	114034
174102	80173
191342	57728
179045	80204
174790	6897
178791	80232
172609	80262
181210	80267
172518	80344
171657	80347
179337	256281
176565	55851
3564894	84266
174381	114971
173855	255252
172563	55148
173766	84065
172214	56259
176043	6120
177989	84557
3565375	133923
175507	131965
3565644	25974
183428	339487
259580	583
172664	85313
172067	84955
177396	50640
172764	89970
3565140	285282
174518	81576
173867	84292
173072	140739
176188	219771
172204	79590
180401	57560
266651	80213
191461	374659
3564772	84328
190399	58533
180731	80856
178842	113278
3896860	113278
3565859	83877
175987	10430
172205	201266
182108	389434
174555	84293
176034	143884
176760	132789
190704	55212
175269	87178
176253	81533
176836	137695
175673	339123
176526	92335
171790	387338
176800	84320
187516	129880
189743	124401
179040	81542
259527	55471
183139	132321
179315	9481
174977	150962
174413	57718
172598	23383
174177	79847
177246	112869
172191	23071
176077	151531
174234	81553
187136	84064
177441	90231
180327	80279
259529	23275
189676	80776
180553	283987
191275	889
189927	114294
174362	81037
172937	81609
174939	81790
184883	55764
182258	81888
178008	80114
172467	83746
171624	83746
172301	64902
176581	83941
174024	83959
176658	83989
183311	84100
3564990	84187
177378	84267
176841	84342
6418755	84457
187361	84457
190789	84457
13216887	84457
188393	84457
173064	84465
175853	84669
172514	84693
191323	84769
177147	84795
176266	84811
3565366	84816
188238	84959
3565022	84971
172825	84988
178091	84991
172946	51750
173606	10713
3565681	585
176737	89782
183413	390916
173832	93627
175527	90134
176138	23405
172639	988
173371	157769
179255	148362
172594	23317
171755	2585
171836	132001
176515	89910
174664	57589
3565008	283820
3565008	23420
3565008	408050
259441	161823
172668	200205
7040127	118924
187149	150274
174054	51398
6418689	391356
176063	23350
172478	9673
177922	9673
180450	171586
180309	171586
172568	200081
175562	26035
179307	84976
174475	115825
181054	118980
180420	8567
178000	57498
173828	152330
175088	122961
178788	57504
180050	116138
171593	143686
183963	55219
183284	254013
184431	146712
172593	79659
173212	91137
173230	153396
173635	126792
3565947	55735
173911	51071
3565794	57724
174134	201163
174146	23258
174164	166785
174231	192111
175865	116064
174284	79699
174442	91782
174476	4976
174562	143941
174691	29063
174846	133686
175206	146862
175210	113510
175332	145567
175339	10162
175557	124936
183238	55245
175667	200933
175887	144193
266887	132158
191628	23333
176587	129531
176775	23276
177107	23059
177525	113026
177527	153020
177623	254428
178343	55568
178445	254295
178968	145173
189124	340485
188904	123016
179117	114781
174416	758
179304	23241
179344	25780
179498	51091
190312	23516
179576	23516
179578	195814
172603	195814
179837	286097
180344	11112
180373	400224
178127	159963
180984	256356
181715	26160
178286	23008
176001	4705
187397	79033
176845	79033
182938	197258
173123	286451
259414	27349
259512	87769
182043	84964
173962	55187
175465	353116
175326	388743
173089	388743
190738	388743
176953	388743
176122	388743
178473	79134
178411	54869
178100	92370
13198270	92370
182313	90527
180700	219899
178931	122618
175857	225689
176493	134145
3564786	84326
189127	90806
174303	94097
353452	127579
3565901	414919
180865	124602
191517	256472
183429	254228
174997	57231
180350	167555
177997	153129
172209	9515
184190	286046
182623	284339
171731	221938
13186920	386617
183398	57460
188733	221833
184971	222662
177850	56999
179566	388591
172646	4308
172270	2741
178930	2741
179834	2741
13216190	2741
180086	2741
185381	3075
3565870	3075
176296	3655
175503	4594
179321	4644
180583	5213
178424	5311
181317	203
175322	3350
180570	774
171933	785
179962	1128
176694	2559
177327	2917
187427	3352
180565	3363
180944	3759
175525	6241
181035	6340
174306	6340
191422	6340
181728	6340
189033	6340
181534	6340
189058	6340
177494	6340
181101	6340
174375	400
181423	586
174044	658
181563	844
180452	1609
172464	1807
177852	1807
179522	1937
3565712	2274
174449	1182
189267	1503
171751	2767
175315	3336
181567	3732
177533	3840
178748	4322
3565545	5087
181618	5286
178686	5375
181721	5523
171956	5862
177138	6477
184903	6542
173650	6542
183650	6542
191351	6569
176426	6602
172018	6602
175201	6786
172275	7111
174507	7368
177437	7375
172659	8291
188128	8291
180690	8440
177675	8509
172183	8630
179590	8630
178983	8630
186315	8630
171920	8850
180562	8938
171988	7204
174530	6507
172105	8973
175714	312
174751	392
181598	1394
171810	1662
173894	1856
266854	1856
173794	2043
172520	4036
172447	9245
172446	9245
173109	9245
173108	9245
174679	9245
173114	9245
181096	9375
179503	9378
180961	9423
172088	9475
176147	9601
178182	9619
172395	3185
186805	4323
177078	4897
177370	6560
175223	157
176788	230
172233	1630
171782	19
172802	5928
192082	7025
181587	10057
175649	10755
177865	10755
175162	10121
172312	10181
266858	7001
175237	10220
174843	10283
3565862	10294
177775	3417
176229	4093
171776	4301
172441	7763
171806	757
174762	5290
178435	10491
177788	2192
176511	11004
176560	11021
171647	11059
176771	10061
181058	11252
181203	11309
180326	3276
171965	5230
266646	9517
172739	9777
174608	50808
177379	259232
175674	259232
173747	2710
174358	55217
172748	374868
178754	374868
175376	162
177855	7317
172705	23230
175798	158747
179527	57144
173424	29114
266878	23223
181157	2768
173399	54361
177870	81029
181566	8455
188499	1813
180608	63971
176410	10015
176885	23191
175089	64130
175839	4326
175953	57451
186194	26985
174419	23266
175130	2744
172547	2744
174282	2744
181776	29895
181775	29895
180760	118
188090	79258
175873	55324
176476	27314
178220	23001
179467	23039
181232	23042
174145	23169
179172	26090
177996	25961
181125	51092
192056	7223
179741	51181
177894	51735
178834	51292
175504	3688
175834	55601
173244	54862
177845	55633
171951	55862
173341	55466
174218	56934
186231	56934
177256	57198
189866	57552
181188	57552
177791	57552
178508	57699
178108	57699
180696	326624
180979	64577
179458	10914
174513	10914
174816	10914
180055	81855
181807	81855
174708	81855
183547	81855
177671	65217
178419	1936
188513	201562
173971	115827
177664	79572
181067	79572
177822	79572
179043	80221
3565680	80221
172393	80777
181626	128338
180988	85440
174587	84261
178405	127829
173327	123099
177548	123099
177660	91012
180743	91012
176712	81671
181187	83872
175889	88455
13217012	390928
177497	829
178980	347734
176064	23122
176280	23122
176298	23122
171948	122664
3565732	139596
173367	135228
174046	158219
174710	163404
186015	167359
266877	92369
266876	92369
182286	89853
178832	160335
179109	54497
181553	131578
179309	131578
171953	23304
173294	128239
172585	58489
259492	126119
179965	3608
4363058	93058
178072	259230
175862	57551
172335	199870
176767	7188
178425	222223
180784	57465
188307	158297
175080	9682
174227	121278
3565243	375790
181255	8499
177430	22875
180933	56479
180593	158158
176392	390790
172851	337876
178080	2131
176047	3156
175410	3480
178170	5033
176569	5033
176015	6128
175441	708
178090	3475
175311	1122
187256	5073
173846	6449
186874	6591
173118	6610
177021	6687
192051	6873
174312	7275
174460	8446
190096	8635
179240	8722
178385	726
175268	1124
178019	9091
175522	9400
179272	9532
178304	5723
173946	7268
177594	9399
172216	9550
173207	5018
179720	6400
190400	9943
177398	3187
177316	10013
178936	5156
181098	5156
181440	5156
181410	10625
259365	11165
176688	6426
172800	11101
175666	11222
176097	11224
179113	11328
171974	11328
179752	11328
172794	1854
176254	439
185220	80895
177419	27000
176997	55164
172285	84720
191743	1432
173985	58513
171874	28987
172035	54704
178434	112812
176662	51218
176460	10730
176877	9833
183859	51150
176209	51426
180343	6132
174722	29928
176918	23608
188966	4338
182077	26994
180315	28960
171710	29088
176907	29090
177425	23586
3565580	10393
173214	23028
181369	23028
172369	23111
177923	27238
177431	51603
179230	51073
183640	51103
174701	51727
181464	51727
6418865	51537
189136	57645
174045	51111
178116	55643
178955	55015
186607	55081
186950	81831
181241	137964
180519	137964
182929	26610
184910	54675
177113	5875
183197	56848
187686	25915
178274	60482
178770	64078
178769	64078
177334	219699
180828	10861
184267	64965
174622	57418
175139	128637
175073	79180
3565178	79903
266904	79947
174461	80004
172623	80148
176868	90459
176468	83892
180305	84272
172200	57579
179898	130617
173918	65018
186828	92342
179410	91833
175882	57488
179612	84447
187288	85315
179721	64969
182278	10645
3564790	83874
174868	84553
175310	84749
185454	84899
186796	27440
179032	253558
179031	253558
186277	253558
3565068	1196
178982	390637
180457	116843
190665	222553
177857	9695
181288	7837
191484	7837
175532	91445
180766	151473
173779	55127
191004	91647
191526	79066
172247	738
172722	137735
3565075	221955
173375	9703
173795	80821
176256	286826
3565961	128486
181767	54492
172390	2167
191700	2167
188761	2167
191701	2167
180371	2288
176446	310
178620	5861
172259	9217
175607	4081
177528	9520
174140	9524
179185	79087
183813	8623
184556	51493
175849	23092
172684	84888
173245	81554
173137	84552
177469	100
174414	189
172171	1201
179559	1201
179249	1201
178095	6901
173326	2990
172751	3099
179381	3973
179771	3988
184068	3988
179046	3988
178563	3988
178572	3988
179081	3988
185840	3988
172148	4534
174681	4548
184699	6716
191550	6716
185670	6716
181574	6898
187120	7507
174039	3141
172952	3908
180704	5051
172120	5051
180749	4125
175341	886
188774	886
175999	2892
176204	2892
266833	5066
171999	5446
4363028	5446
6418581	5446
178778	6135
180535	6135
173873	6146
176240	8516
173309	6224
173342	6231
179080	6262
187897	6752
179729	8029
178559	21
179395	957
172432	1106
174620	1209
180976	1209
177586	1396
182010	1396
173360	2037
176546	2547
178402	2664
174059	513
192062	967
172908	1358
171668	1358
172557	1358
171669	1358
171666	1358
171921	1358
189076	1358
186343	1534
179154	2197
191366	2242
171685	2745
180875	2752
174765	2961
175890	3148
181311	3418
173340	4580
181473	26986
172920	26986
179412	5126
180475	5170
178020	5250
172809	5250
183168	5250
182608	5250
172744	5315
177984	5315
179486	5500
178117	5515
179526	5528
180864	5575
173914	5584
175545	5594
174786	5714
180664	5768
178168	5768
180538	5768
176608	5810
174785	5887
177583	6187
174881	6342
176302	6397
172078	6457
175393	6605
177182	6629
171834	6637
177624	6905
177913	7083
178024	7101
187919	7263
174001	7357
188169	7357
181790	7357
177524	7417
172264	8027
177386	8310
172347	8458
178054	8458
174068	8525
179388	8607
172814	8732
186262	1607
178043	548645
183525	548645
180243	2963
171884	3174
176609	8729
171601	8766
176707	9377
178046	2539
181891	9570
178997	811
171939	3364
184827	4726
176743	6804
173257	6872
176202	7225
179492	8228
182024	8228
177617	9146
177587	9183
172515	9271
182072	9271
174208	5433
182490	8189
184405	9446
13190517	9446
183000	9446
175196	9446
353420	9446
171756	9522
189590	9525
176044	9527
259487	9535
178104	3845
177973	6564
180919	6564
172527	9950
173460	9984
174543	3069
176552	5565
181492	5565
177512	6574
175745	10049
172124	1797
353489	1797
178502	2960
179714	5641
190775	6921
177072	10134
177389	4144
177354	4144
181370	4144
177355	4144
181488	6793
178487	10450
181153	10451
174665	10455
179665	5167
179663	5167
174394	10465
191736	10482
179938	10482
176227	10559
172321	10623
175337	5429
177562	10640
179749	10735
178151	10898
175655	10948
3565633	10981
180566	10989
180122	10989
2565705	4538
173964	1939
172460	6096
173625	6731
179544	10560
3565057	11127
173449	11140
190601	11157
177055	52
191613	11200
180304	11200
177581	11260
173416	11315
183625	11315
173910	11336
181668	51
173162	51
173163	51
184167	51
173164	51
176353	51
174427	84826
174443	6161
174080	27340
178407	55176
172775	6500
172773	6500
191629	1810
175191	51204
172071	1622
3565860	7353
178084	64121
172505	2775
174788	8295
175012	26227
178873	3313
175517	54700
172939	654364
178874	64318
3564939	4358
173006	64434
174671	145482
178397	143187
172631	10072
3565184	79922
174090	91408
171793	4173
174914	6723
191634	2286
178768	8325
180545	136319
180921	51268
259861	51268
186875	55974
189708	55974
183804	55974
177972	55974
174740	391059
172924	60412
175621	6830
176335	9646
266648	6843
13192683	1103
172483	10681
174916	8443
174258	2898
172449	2898
174506	1996
180418	4684
178350	102724788
178350	5625
175272	22931
179510	23480
259586	131601
179419	9330
175520	9328
171723	26574
174600	24144
175597	23417
173428	23443
177400	3751
180047	23658
176580	26519
173601	23534
179434	25828
188574	7780
174760	27166
172133	29109
177003	29894
172641	10113
186226	5866
174953	440275
173217	57446
175774	22884
175371	4702
171833	22826
174700	27257
173773	4848
176187	23190
171774	9688
178053	9733
179666	9742
172113	22982
175555	23047
177211	23063
178482	23161
179942	23212
181558	23312
179902	23339
173181	23348
13182700	23348
172905	23385
174028	23484
175723	25813
181761	25979
13224720	25979
183165	25979
181600	26001
177515	26136
176624	51042
174863	51060
180520	51060
191563	373156
173136	51389
175225	51086
172888	51099
174217	51465
188034	51108
173369	51115
177293	51002
184409	51024
176769	51025
173819	51026
176890	51027
185146	51659
266836	10890
175561	51451
175298	51228
175216	51308
177509	51573
175713	51573
179882	51573
188321	51573
179629	51332
189959	53630
173733	53630
171705	54093
6418643	54831
176055	55622
179370	54987
175084	55020
190295	55020
176141	55139
180039	54663
172144	55717
259478	55733
190374	55733
180779	55229
173947	55239
180598	55763
179000	55280
175678	55314
189232	55314
259993	55314
189111	55314
186030	55314
179342	55343
174353	55346
174390	55349
175636	55843
176198	55856
176250	55530
172348	23225
186756	54555
173310	55929
179437	64841
172533	64841
179093	57515
179964	57515
175505	57003
172898	57221
175918	387893
175112	57136
182407	57136
179438	79644
3565180	57578
180042	57628
191509	5359
173053	5359
182212	5359
6418789	58485
178959	57161
179459	59342
180780	59272
172522	60526
184342	60526
176133	60559
179661	64077
188043	64081
188042	64081
188044	64081
178200	64081
172827	64129
181510	1528
177603	64145
178158	64429
172949	64754
180772	64754
181353	94081
173299	64924
172956	65258
176698	196463
179662	83985
190952	83985
178256	83985
184219	83985
245996	124565
180370	79624
172424	79639
180870	79639
188870	79639
180244	79691
177511	126308
260224	79829
176370	80024
190821	80024
182354	80024
182576	80024
182575	80024
177631	80146
173857	254552
179766	90407
183975	26260
175518	84898
180517	57222
180524	142891
173281	84148
13189316	554235
189356	113235
180270	113235
175737	115817
186621	115817
180624	115817
171725	115098
189789	118881
178684	118881
189785	118881
189563	118881
174132	53938
181606	254359
174780	10869
177499	125061
189911	125061
173393	83440
188431	84255
177977	84255
188430	84255
182863	196294
190607	84193
3564837	164395
175715	84294
173761	81573
180792	81846
175457	23731
182876	84545
179417	84285
175090	84337
174339	10826
186061	10826
177568	84619
181797	84766
180437	84900
175323	389207
179394	122553
183942	440026
177561	80335
184918	201161
178301	339122
171969	90196
175458	114134
180205	114134
180206	114134
176966	9631
174761	137682
178167	129684
176519	84747
179780	128989
190742	128989
190617	3476
180246	29997
183946	112483
179171	23513
172320	25983
178153	23041
181712	257068
183572	27241
175476	91801
187885	9837
175280	130013
175306	92170
181310	92305
188311	84246
180579	81839
173320	149371
179610	90411
178174	23355
179691	9804
179679	253635
174724	92255
186854	285381
181131	23233
181431	23078
180723	146691
178361	257364
190217	158584
178377	1953
174093	23341
172941	92912
181152	285343
180739	126321
172558	91404
175521	4642
177415	22909
181595	22930
176695	392636
172372	51014
266916	6650
189220	6650
187003	23247
181990	128387
176513	157869
179423	8939
175989	8939
187350	8939
181773	8939
175219	53344
190101	5261
188583	2720
180945	2720
184469	150
175070	6168
173304	164
177940	1363
173296	2444
171722	2534
181711	5756
175709	7290
172728	8438
175242	8604
178284	8867
13198854	8867
180644	8908
180119	8908
175121	403
172581	9252
179649	5581
181697	6446
186864	8909
174726	10325
176666	10396
180708	6788
180707	6788
177339	10425
179274	10494
178250	8445
177985	10765
181066	10857
171688	5681
189705	11152
179833	57819
176456	55351
176625	29883
175741	90956
175469	11325
174647	5725
3565986	7092
180444	23637
180619	23213
172221	23262
184989	54933
179165	1983
183574	56923
178658	10901
174623	2872
188636	63895
181036	347733
179543	79831
171789	80227
178962	80724
172953	84232
181236	150159
180097	150159
181235	150159
180018	171425
188368	84105
181158	84179
178179	84179
182275	84179
183473	51601
189085	1811
181291	2261
173282	3730
173856	5340
179026	224
178680	224
180939	4891
191766	4891
177044	4891
175691	217
187001	217
185679	223
176056	223
180724	5034
178215	5243
180165	5243
177943	5530
175086	847
175085	847
259738	847
174803	2782
171687	2778
179621	55
190610	55
188683	55
186114	55
177921	817
172677	1024
173023	1025
174332	1104
172610	1460
177942	1793
174305	2081
181658	2239
179994	1361
181444	1509
172582	1537
173220	2098
173149	2932
180459	4010
179912	4140
177235	4967
177615	5128
181166	5578
181043	5608
173334	5693
172977	5710
176275	5870
172647	6195
177704	6418
175944	6594
178465	6777
172944	7178
179013	8476
266822	8789
175252	8802
181570	8802
172715	2194
172430	3421
175598	3421
189841	8814
177325	86
173418	670
266817	1445
172045	2021
176179	3799
174473	4920
176914	7867
171888	8653
177893	9060
177685	9371
173152	9391
175864	9429
175859	9429
173671	9429
172698	4643
176111	5547
180673	5613
180972	766
181713	766
171611	2671
178130	2746
181169	3033
186222	3033
178981	5110
176226	5165
191240	9568
172180	10053
172687	4001
179875	10238
175936	4191
181064	4522
180581	4628
175749	6502
179632	4122
175257	5475
180100	5529
176825	5580
178183	10427
181258	10479
179398	10554
179642	10905
174450	6917
179213	10959
177342	10987
176437	1431
179405	6652
179404	6652
173040	51012
181380	65263
175246	5965
180859	2182
176005	2182
172882	79152
177891	26958
179400	10897
180655	23012
179854	3954
181109	23390
175108	51741
174183	51741
184041	51741
183970	51741
187285	51741
353400	51741
180783	351
176872	4646
171712	4646
246019	5362
177401	6423
3564833	83942
178314	83942
182017	83942
176431	140679
172681	1719
174798	3939
181348	7534
178113	7534
176440	23603
179655	1186
181004	5609
174517	26229
176244	22921
179598	22938
189912	22929
176317	26503
180801	29899
176485	7923
180486	7923
173323	3251
172779	9807
188912	4720
181646	4720
176482	29093
173176	27032
174433	27348
189606	27348
189605	27348
174787	9718
173685	9718
172890	9844
176490	116987
171736	83660
173986	23102
178730	26007
186547	51622
186547	221960
181150	51643
179324	51029
172028	51388
177460	5599
178057	55605
172187	54855
3565323	54896
176347	54932
176346	54932
173073	55110
177238	55288
175083	55510
181029	54212
176757	55613
185004	57053
172298	6565
178877	63874
183295	63874
171919	64083
177059	64225
176381	64854
177736	9351
13197264	9351
179507	81555
178175	79609
175855	79809
189077	80168
175417	80168
179314	80168
180160	80168
174632	56945
259579	64951
176945	414918
174755	283629
178316	23158
171700	8916
172409	54878
173798	255104
180423	81562
175474	11091
177466	114112
186276	114789
181399	114789
177821	51384
173062	79683
183941	116442
179444	253152
175239	253152
175305	144404
175748	129563
175917	23080
176225	375775
187474	375775
176849	121227
177408	148641
177793	9057
180557	9057
179976	23157
178918	6547
180528	353189
180561	133121
181090	643853
181233	91252
188895	84641
176454	129049
183765	148252
174097	133584
179990	285203
190602	285704
181404	57644
172471	57644
259839	57644
179190	57644
179676	57644
174042	22979
174165	57464
175590	2195
178535	2629
173574	2629
183155	2629
177314	2629
178927	6005
179606	6005
181716	3356
178597	128
178598	128
183715	148
189444	1573
173787	1573
185653	1573
183602	1573
178752	1573
190065	1573
178706	1573
183484	1573
178695	1573
3565571	1573
189364	1573
178704	1573
185591	1573
185589	1573
187705	1573
179148	1573
182888	1573
187025	1573
187183	1573
178926	1573
187184	1573
187185	1573
187573	1573
173936	1591
177457	3614
179572	5534
175796	9349
172201	6143
175141	6167
175460	6167
178951	284004
189716	284004
181586	284004
181269	3746
172755	5868
176503	5901
174699	6203
176858	6229
176975	6234
179366	343
183121	343
183221	343
3565046	1040
178970	1108
181421	1108
176166	1777
177613	2166
176916	2166
177612	2166
177954	2330
176491	2330
178596	2330
177958	2330
179959	3066
176773	293
189112	293
177648	293
186855	293
180692	525
187779	527
176383	527
177018	527
181478	763
176374	983
181279	3034
175628	3921
177971	5226
175613	5471
183199	5537
175659	5917
180679	6259
173204	6638
175172	6827
176718	7311
177170	7319
180628	1118
176987	8224
176422	8405
181202	8714
180289	8714
181677	8714
174672	8833
172818	9045
179707	9628
179624	1496
178016	3028
172442	4677
173074	3065
180827	3987
186939	5881
177111	5881
181138	10999
178190	10999
178067	9945
174778	9945
171619	2678
180364	2678
179271	2678
178453	2678
172433	2923
176224	3092
175126	3339
13188030	3339
171835	7905
171857	10096
174333	10212
184569	7846
181170	10383
180622	4921
175440	103910
178507	3312
172672	10767
179104	6575
181858	6575
181857	6575
177095	10994
171853	4736
175750	5518
176498	57205
171966	51117
176748	81929
177709	5908
174434	80135
3564805	84961
181495	114882
174311	140801
172252	84706
178207	92856
176032	440138
174621	9949
176457	1663
179251	2897
172822	3633
176750	24137
174680	84790
173167	84790
172831	84790
3565717	441509
176796	4637
180318	6546
175519	203068
175461	203068
176501	203068
179326	23005
184935	440
188872	83658
176328	26576
190959	27284
177135	9704
175606	26960
175969	27235
176903	51069
177416	51094
175739	51094
173229	51160
173002	51167
171643	51703
180685	51719
174527	51719
174789	54808
177979	55696
180582	55711
181398	140609
172253	114883
181596	79751
177518	79751
177646	64850
177906	84076
181019	124583
189195	375611
179357	375611
187335	375611
179626	375611
181094	375611
179243	55671
180699	84910
175066	58509
13187896	58509
175900	57187
185203	85443
190777	115201
189472	128240
187786	127700
185690	23035
175721	23274
190510	152559
174190	89872
180589	89872
174467	89872
190553	89872
174331	3747
172122	150737
185278	91147
180812	948
176673	948
176787	948
191635	2241
172440	2241
266839	2241
173525	6515
178634	6515
179971	3326
175905	90441
175131	2587
179533	71
179535	71
179534	71
180767	71
171675	2770
180691	10257
181729	10487
266829	10487
174752	51312
181620	1453
172656	284439
181489	8038
171715	1838
173293	2138
189474	23315
189489	117247
182056	117247
181497	117247
182722	60680
173297	64167
3565470	84263
179529	84263
172382	79772
176555	23762
173945	8556
177717	2762
186416	2762
181264	26289
191426	253430
174058	23291
175106	63910
178460	131669
179195	6318
178585	6318
179125	6318
178586	6318
178672	6318
191960	6318
191959	6318
187658	283130
180111	1515
180003	9885
188032	153918
176799	27106
174791	26249
175977	124923
174802	5476
173818	5476
174899	1352
3564941	3936
180347	202018
183978	89978
176622	4706
180881	57720
179935	10390
184847	10390
176027	23761
191420	51201
13190952	51201
179010	10938
180802	2040
176554	6198
179194	416
173468	27161
181504	27161
172434	29978
176968	1398
173347	7335
172826	55844
181345	83696
180539	4648
179445	29966
177070	93100
180473	23510
173742	27237
181003	642636
177212	94239
185872	59286
189769	284086
181484	22829
172344	9616
182185	79774
184043	84871
191699	3784
181571	388630
183193	1548
183193	1549
183193	1553
173260	6194
178044	140733
175556	55208
176702	10933
178169	79763
171745	1164
180949	23130
171719	23327
180044	6169
172231	131118
190308	339327
171602	6129
180262	81689
178083	6205
177763	92014
180703	1119
174614	196446
181229	196446
13186977	5789
174685	5789
184126	9056
172147	5209
177363	5209
177807	1120
178408	6222
176808	51701
176071	6133
177481	6191
172978	1457
172486	2653
183902	2653
179246	26100
171792	1968
172479	28998
177217	51128
177853	8568
176011	6227
176006	6208
189679	26873
178458	389
172184	8394
13188172	5716
175895	51144
184934	51144
184337	51144
182292	51144
182291	51144
176677	5571
174144	547
171665	80119
179537	23708
179229	51116
171691	10239
3564910	11080
173384	5706
179096	10524
177254	9086
179940	51109
175079	10873
180548	64777
172587	10434
178184	246175
181944	58190
172891	1455
171935	4218
172097	85465
176373	143244
174367	143244
180492	23048
176812	23048
176920	54629
179897	10521
174431	10452
3565775	8528
175861	9397
180770	55361
190802	7328
175697	285527
171750	6155
3564807	5499
172679	5688
185357	51399
3565589	80167
174603	2597
174578	2597
180601	2597
3565504	2597
172855	144245
172901	6201
174072	6632
174295	10277
177571	95
177767	95
177769	95
177768	95
174371	6125
177213	55754
172250	6749
176052	6749
172648	10204
175786	6206
175270	11338
172313	6218
191751	374308
175455	23521
175847	1466
4363046	1576
175495	1576
183247	1576
183248	1576
185648	1576
187059	1576
178872	122622
174379	6154
176291	57030
174924	2997
179796	478
189575	27306
187615	27306
187537	27306
173841	27306
184364	27306
173842	27306
191347	27306
177883	27306
177886	27306
177884	27306
185410	27306
190226	27306
190224	27306
188915	27306
175008	27306
185407	27306
190230	27306
185409	27306
185408	27306
175010	27306
175009	27306
190228	27306
185411	27306
175166	27306
185412	27306
190223	27306
190225	27306
259481	27306
260015	27306
180088	27306
191412	27306
185299	27306
178771	27306
187645	27306
187817	27306
179726	23198
171767	6157
172627	54
175922	140735
3565030	80308
187789	55312
186914	158046
174048	158046
188643	158046
189019	158046
173182	158046
172811	158046
190187	158046
174582	158046
177168	158046
187389	158046
178525	158046
177228	158046
190242	256471
189080	256471
191349	256471
179018	256471
184466	256471
189037	256471
179602	256471
181028	256471
186432	256471
186546	256471
178644	256471
189149	256471
179281	256471
179280	256471
182889	256471
175512	83719
188742	100996758
188742	5540
182921	100996758
182921	5540
173876	5337
3565996	5160
177797	273
188041	27315
173319	7168
176814	7360
3565407	5567
174069	41
174245	79956
3565805	7813
174979	5303
179794	57475
177999	10840
180860	57089
177567	57089
177089	492
177004	492
177658	1163
178536	1977
181471	9024
175827	226
181644	1759
176327	6009
190219	23325
3564970	523
178017	6499
174233	998
176162	55197
178395	57719
173958	2525
178279	6136
176146	6144
175901	6207
172718	23673
175419	112714
187247	51123
176016	5634
177073	7334
174844	7167
180464	9470
183205	51030
174536	3738
184117	8970
175026	8970
185332	8970
175029	8970
175033	8970
191679	8970
179266	8970
180072	8970
191675	8970
179262	8970
191670	8970
179340	8970
186670	8970
186326	8970
186251	8970
178049	8970
179339	8338
172860	8338
175025	8338
175028	8338
191678	8338
191676	8338
259800	8338
180073	8338
175034	8338
191669	8338
177521	8338
179265	8338
178048	8338
178056	8338
186671	8338
179261	8338
184112	8338
181060	56180
189370	10715
175338	6210
174166	6165
175833	11014
181228	11014
178729	64757
176883	64757
180078	64757
177595	381
174235	5144
175832	8110
171763	5441
181724	387700
187995	387700
177632	8972
173848	8972
188512	8547
176639	9201
175683	100130097
173235	6160
179156	285440
175053	285440
180093	285440
178697	285440
177243	54205
179728	54205
177503	6202
179587	5395
175584	6189
174374	65095
180409	4363
180408	4363
171692	100526842
177365	6230
173346	1429
175801	375
177636	4676
171646	342538
176660	440093
181057	440093
172192	10813
172061	100529239
191680	8364
188357	100861540
174522	100861540
188361	100861540
184473	100861540
188360	100861540
188355	100861540
188359	100861540
188356	100861540
188362	100861540
184472	100861540
188358	100861540
181462	100861540
187068	100861540
174423	2023
173058	667
188313	2879
187542	2879
174050	23710
177934	55677
178050	8365
178055	8367
178066	8370
179233	121504
179267	8362
191677	8329
177522	8360
186250	8356
191672	8356
175030	8356
175031	8356
177628	8356
246024	8356
191673	8356
191668	8356
184200	8356
186325	8356
181821	8356
184804	8356
184113	8356
180074	8356
188792	8359
175027	8294
179936	5478
185538	10376
179813	280
175189	79612
172743	1938
176793	653269
175524	122011
174425	11105
191452	7355
190265	100132874
